<?xml version="1.0" encoding="UTF-8"?>
<!-- Generated by eXe - http://exelearning.net -->
<manifest identifier="eXequizGGP165f96cbc27fa58b3eaf" xmlns="http://www.imsproject.org/xsd/imscp_rootv1p1p2" xmlns:adlcp="http://www.adlnet.org/xsd/adlcp_rootv1p2" xmlns:imsmd="http://www.imsglobal.org/xsd/imsmd_v1p2" xmlns:xsi="http://www.w3.org/2001/XMLSchema-instance" xsi:schemaLocation="http://www.imsproject.org/xsd/imscp_rootv1p1p2 imscp_rootv1p1p2.xsd http://www.imsglobal.org/xsd/imsmd_rootv1p2p1 imsmd_rootv1p2p1.xsd http://www.adlnet.org/xsd/adlcp_rootv1p2 adlcp_rootv1p2.xsd" > 
<metadata> 
 <schema>ADL SCORM</schema> 
 <schemaversion>1.2</schemaversion> 
 <adlcp:location>imslrm.xml</adlcp:location> 
</metadata> 
<organizations default="eXequizGGP165f96cbc27fa58b3ea10">  
    <organization identifier="eXequizGGP165f96cbc27fa58b3ea10" structure="hierarchical">
        <title>ova</title>
<item identifier="ITEM-eXequizGGP165f96cbc27fa58b3ea11" isvisible="true" identifierref="RES-eXequizGGP165f96cbc27fa58b3ea12">
    <title>Ova: ENTORNOS DE PROYECTOS ÁGILES, ITERATIVOS, ADAPTATIVOS E HÍBRIDOS</title>
<item identifier="ITEM-eXequizGGP165f96cbc27fa58b3ea13" isvisible="true" identifierref="RES-eXequizGGP165f96cbc27fa58b3ea14">
    <title>Entornos de proyectos ágiles, iterativos, adaptativos e híbridos</title>
<item identifier="ITEM-eXequizGGP165f96cbc27fa58b3ec15" isvisible="true" identifierref="RES-eXequizGGP165f96cbc27fa58b3ec16">
    <title>Preguntas de situaciones reales</title>
</item>
</item>
<item identifier="ITEM-eXequizGGP165f96cbc27fa58b3ef17" isvisible="true" identifierref="RES-eXequizGGP165f96cbc27fa58b3ef18">
    <title>Fases del proyecto</title>
<item identifier="ITEM-eXequizGGP165f96cbc27fa58b3f019" isvisible="true" identifierref="RES-eXequizGGP165f96cbc27fa58b3f01a">
    <title>Actividades Interactivas</title>
</item>
<item identifier="ITEM-eXequizGGP165f96cbc27fa58b3f01b" isvisible="true" identifierref="RES-eXequizGGP165f96cbc27fa58b3f01c">
    <title>Preguntas de verdadero o Faslso</title>
</item>
</item>
<item identifier="ITEM-eXequizGGP165f96cbc27fa58b3f11d" isvisible="true" identifierref="RES-eXequizGGP165f96cbc27fa58b3f11e">
    <title>GRUPOS DE PROCESOS EN ENTORNOS ADAPTATIVOS</title>
<item identifier="ITEM-eXequizGGP165f96cbc27fa58b3f21f" isvisible="true" identifierref="RES-eXequizGGP165f96cbc27fa58b3f220">
    <title>Preguntas de sictuaciones reales</title>
</item>
</item>
<item identifier="ITEM-eXequizGGP165f96cbc27fa58b3f421" isvisible="true" identifierref="RES-eXequizGGP165f96cbc27fa58b3f422">
    <title>Biiografia</title>
</item>
</item>
  </organization>
</organizations>
<resources>
  <resource identifier="RES-eXequizGGP165f96cbc27fa58b3ea12" type="webcontent" adlcp:scormtype="sco" href="index.html"> 
    <file href="index.html"/> 
    <file href="exe_html5.js"/>
    <dependency identifierref="COMMON_FILES"/>
  </resource>
  <resource identifier="RES-eXequizGGP165f96cbc27fa58b3ea14" type="webcontent" adlcp:scormtype="sco" href="entornos_de_proyectos_giles_iterativos_adaptativos_e_hbridos.html"> 
    <file href="entornos_de_proyectos_giles_iterativos_adaptativos_e_hbridos.html"/> 
    <file href="exe_html5.js"/>
    <file href="img0.png"/>
    <file href="stock-stop.png"/>
    <file href="panel-amusements.png"/>
    <file href="common.js"/>
    <dependency identifierref="COMMON_FILES"/>
  </resource>
  <resource identifier="RES-eXequizGGP165f96cbc27fa58b3ec16" type="webcontent" adlcp:scormtype="sco" href="preguntas_de_situaciones_reales.html"> 
    <file href="preguntas_de_situaciones_reales.html"/> 
    <file href="exe_html5.js"/>
    <file href="stock-stop.png"/>
    <file href="panel-amusements.png"/>
    <file href="common.js"/>
    <dependency identifierref="COMMON_FILES"/>
  </resource>
  <resource identifier="RES-eXequizGGP165f96cbc27fa58b3ef18" type="webcontent" adlcp:scormtype="sco" href="fases_del_proyecto.html"> 
    <file href="fases_del_proyecto.html"/> 
    <file href="exe_html5.js"/>
    <file href="img1.png"/>
    <file href="stock-stop.png"/>
    <file href="img0.1.png"/>
    <file href="panel-amusements.png"/>
    <file href="common.js"/>
    <dependency identifierref="COMMON_FILES"/>
  </resource>
  <resource identifier="RES-eXequizGGP165f96cbc27fa58b3f01a" type="webcontent" adlcp:scormtype="sco" href="actividades_interactivas.html"> 
    <file href="actividades_interactivas.html"/> 
    <file href="exe_html5.js"/>
    <file href="draganddrop.js"/>
    <file href="exequextaudio.png"/>
    <file href="exequextcursor.gif"/>
    <file href="exequextfirstr.png"/>
    <file href="exequextfull.png"/>
    <file href="exequexthits.png"/>
    <file href="exequextlastr.png"/>
    <file href="exequextlive.png"/>
    <file href="exequextlost.png"/>
    <file href="exequextmin.png"/>
    <file href="exequextmoveon.png"/>
    <file href="exequextnextr.png"/>
    <file href="exequextnormal.png"/>
    <file href="exequextnumber.png"/>
    <file href="exequextone.png"/>
    <file href="exequextpause.png"/>
    <file href="exequextplayaudio.svg"/>
    <file href="exequextplayvideo.png"/>
    <file href="exequextpreviousr.png"/>
    <file href="exequextreload.png"/>
    <file href="exequextreply.png"/>
    <file href="exequextrerrors.png"/>
    <file href="exequextroscomin.png"/>
    <file href="exequextscore.png"/>
    <file href="exequextsq.png"/>
    <file href="exequexttime.png"/>
    <file href="exequexttwo.png"/>
    <file href="exequextvideo.png"/>
    <file href="exequextwon.png"/>
    <file href="ordena-activity.css"/>
    <file href="ordena-activity.js"/>
    <file href="ordenaHome.png"/>
    <file href="ordenaIcon.png"/>
    <file href="quextCursor.gif"/>
    <file href="quextImageVideo.png"/>
    <file href="vquextReload.png"/>
    <dependency identifierref="COMMON_FILES"/>
  </resource>
  <resource identifier="RES-eXequizGGP165f96cbc27fa58b3f01c" type="webcontent" adlcp:scormtype="sco" href="preguntas_de_verdadero_o_faslso.html"> 
    <file href="preguntas_de_verdadero_o_faslso.html"/> 
    <file href="exe_html5.js"/>
    <file href="stock-stop.png"/>
    <file href="panel-amusements.png"/>
    <file href="common.js"/>
    <dependency identifierref="COMMON_FILES"/>
  </resource>
  <resource identifier="RES-eXequizGGP165f96cbc27fa58b3f11e" type="webcontent" adlcp:scormtype="sco" href="grupos_de_procesos_en_entornos_adaptativos.html"> 
    <file href="grupos_de_procesos_en_entornos_adaptativos.html"/> 
    <file href="exe_html5.js"/>
    <file href="stock-stop.png"/>
    <file href="panel-amusements.png"/>
    <file href="common.js"/>
    <dependency identifierref="COMMON_FILES"/>
  </resource>
  <resource identifier="RES-eXequizGGP165f96cbc27fa58b3f220" type="webcontent" adlcp:scormtype="sco" href="preguntas_de_sictuaciones_reales.html"> 
    <file href="preguntas_de_sictuaciones_reales.html"/> 
    <file href="exe_html5.js"/>
    <file href="stock-stop.png"/>
    <file href="panel-amusements.png"/>
    <file href="common.js"/>
    <dependency identifierref="COMMON_FILES"/>
  </resource>
  <resource identifier="RES-eXequizGGP165f96cbc27fa58b3f422" type="webcontent" adlcp:scormtype="sco" href="biiografia.html"> 
    <file href="biiografia.html"/> 
    <file href="exe_html5.js"/>
    <dependency identifierref="COMMON_FILES"/>
  </resource>
  <resource identifier="COMMON_FILES" type="webcontent" adlcp:scormtype="asset">
    <file href="config.xml"/>
    <file href="content.css"/>
    <file href="icon_agreement.png"/>
    <file href="icon_alert.png"/>
    <file href="icon_arts.png"/>
    <file href="icon_attached.png"/>
    <file href="icon_cabinet.png"/>
    <file href="icon_calc.png"/>
    <file href="icon_collaborative.png"/>
    <file href="icon_competencies.png"/>
    <file href="icon_diary.png"/>
    <file href="icon_download.png"/>
    <file href="icon_english.png"/>
    <file href="icon_experiment.png"/>
    <file href="icon_geography.png"/>
    <file href="icon_history.png"/>
    <file href="icon_info.png"/>
    <file href="icon_java.png"/>
    <file href="icon_letters.png"/>
    <file href="icon_magnifier.png"/>
    <file href="icon_math.png"/>
    <file href="icon_music.png"/>
    <file href="icon_nature.png"/>
    <file href="icon_objective.png"/>
    <file href="icon_picture.png"/>
    <file href="icon_piece.png"/>
    <file href="icon_preknowledge.png"/>
    <file href="icon_question.png"/>
    <file href="icon_reading.png"/>
    <file href="icon_reflection.png"/>
    <file href="icon_rss.png"/>
    <file href="icon_share.png"/>
    <file href="icon_sport.png"/>
    <file href="icon_task.png"/>
    <file href="icon_technology.png"/>
    <file href="icon_theater.png"/>
    <file href="icon_think.png"/>
    <file href="icon_tool.png"/>
    <file href="icon_wikipedia.png"/>
    <file href="icon_write.png"/>
    <file href="nav.css"/>
    <file href="open-sans-bold.woff"/>
    <file href="open-sans-bold.woff2"/>
    <file href="open-sans.woff"/>
    <file href="open-sans.woff2"/>
    <file href="_style_icons.png"/>
    <file href="_style_idevice_header.gif"/>
    <file href="_style_js.js"/>
    <file href="base.css"/>
    <file href="popup_bg.gif"/>
    <file href="exe_powered_logo.png"/>
    <file href="SCORM_API_wrapper.js"/>
    <file href="SCOFunctions.js"/>
    <file href="common.js"/>
    <file href="common_i18n.js"/>
    <file href="exe_jquery.js"/>
    <file href="content.xsd"/>
    <file href="content.data"/>
    <file href="contentv3.xml"/>
    <file href="imslrm.xml"/>
  </resource>
</resources>
</manifest>
